                Year,         dMdt(Gt/yr),           sd(Gt/yr),              dM(Gt),              sd(Gt),              data_0,              data_1,              data_2,              data_3,           data_sd_0,           data_sd_1,           data_sd_2,           data_sd_3
         1992.000000,          -27.000000,           65.000000,           -2.250000,            5.416667,         1992.000000,          -27.000000,                 nan,                 nan,         1992.000000,           65.000000,                 nan,                 nan
         1992.083333,           62.000156,           65.000000,            2.916680,           10.833333,         1992.083333,           62.000156,                 nan,                 nan,         1992.083333,           65.000000,                 nan,                 nan
         1992.166667,          100.999844,           65.000000,           11.333333,           16.250000,         1992.166667,          100.999844,                 nan,                 nan,         1992.166667,           65.000000,                 nan,                 nan
         1992.250000,          144.000000,           65.000000,           23.333333,           21.666667,         1992.250000,          144.000000,                 nan,                 nan,         1992.250000,           65.000000,                 nan,                 nan
         1992.333333,          109.000024,           65.000000,           32.416669,           27.083333,         1992.333333,          109.000024,                 nan,                 nan,         1992.333333,           65.000000,                 nan,                 nan
         1992.416667,          114.999976,           65.000000,           42.000000,           32.500000,         1992.416667,          114.999976,                 nan,                 nan,         1992.416667,           65.000000,                 nan,                 nan
         1992.500000,           73.000000,           65.000000,           48.083333,           37.916667,         1992.500000,           73.000000,                 nan,                 nan,         1992.500000,           65.000000,                 nan,                 nan
         1992.583333,           66.000012,           65.000000,           53.583334,           43.333333,         1992.583333,           66.000012,                 nan,                 nan,         1992.583333,           65.000000,                 nan,                 nan
         1992.666667,           68.999988,           65.000000,           59.333333,           48.750000,         1992.666667,           68.999988,                 nan,                 nan,         1992.666667,           65.000000,                 nan,                 nan
         1992.750000,           75.000000,           65.000000,           65.583333,           54.166667,         1992.750000,           75.000000,                 nan,                 nan,         1992.750000,           65.000000,                 nan,                 nan
         1992.833333,           77.999788,           65.000000,           72.083316,           59.583333,         1992.833333,           77.999788,                 nan,                 nan,         1992.833333,           65.000000,                 nan,                 nan
         1992.916667,           25.000212,           65.000000,           74.166667,           65.000000,         1992.916667,           25.000212,                 nan,                 nan,         1992.916667,           65.000000,                 nan,                 nan
         1993.000000,         -135.000000,           65.000000,           62.916667,           70.416667,         1993.000000,         -135.000000,                 nan,                 nan,         1993.000000,           65.000000,                 nan,                 nan
         1993.083333,         -117.999820,           65.000000,           53.083348,           75.833333,         1993.083333,         -117.999820,                 nan,                 nan,         1993.083333,           65.000000,                 nan,                 nan
         1993.166667,          -73.000180,           65.000000,           47.000000,           81.250000,         1993.166667,          -73.000180,                 nan,                 nan,         1993.166667,           65.000000,                 nan,                 nan
         1993.250000,          -50.000000,           65.000000,           42.833333,           86.666667,         1993.250000,          -50.000000,                 nan,                 nan,         1993.250000,           65.000000,                 nan,                 nan
         1993.333333,          -45.000044,           65.000000,           39.083330,           92.083333,         1993.333333,          -45.000044,                 nan,                 nan,         1993.333333,           65.000000,                 nan,                 nan
         1993.416667,          -55.999956,           65.000000,           34.416667,           97.500000,         1993.416667,          -55.999956,                 nan,                 nan,         1993.416667,           65.000000,                 nan,                 nan
         1993.500000,          -65.000000,           65.000000,           29.000000,          102.916667,         1993.500000,          -65.000000,                 nan,                 nan,         1993.500000,           65.000000,                 nan,                 nan
         1993.583333,          -32.000152,           65.000000,           26.333321,          108.333333,         1993.583333,          -32.000152,                 nan,                 nan,         1993.583333,           65.000000,                 nan,                 nan
         1993.666667,          -69.999848,           65.000000,           20.500000,          113.750000,         1993.666667,          -69.999848,                 nan,                 nan,         1993.666667,           65.000000,                 nan,                 nan
         1993.750000,          -76.000000,           65.000000,           14.166667,          119.166667,         1993.750000,          -76.000000,                 nan,                 nan,         1993.750000,           65.000000,                 nan,                 nan
         1993.833333,          -80.000044,           65.000000,            7.499996,          124.583333,         1993.833333,          -80.000044,                 nan,                 nan,         1993.833333,           65.000000,                 nan,                 nan
         1993.916667,          -90.999956,           65.000000,           -0.083333,          130.000000,         1993.916667,          -90.999956,                 nan,                 nan,         1993.916667,           65.000000,                 nan,                 nan
         1994.000000,         -149.000000,           65.000000,          -12.500000,          135.416667,         1994.000000,         -149.000000,                 nan,                 nan,         1994.000000,           65.000000,                 nan,                 nan
         1994.083333,          -35.999792,           65.000000,          -15.499983,          140.833333,         1994.083333,          -35.999792,                 nan,                 nan,         1994.083333,           65.000000,                 nan,                 nan
         1994.166667,           15.999792,           65.000000,          -14.166667,          146.250000,         1994.166667,           15.999792,                 nan,                 nan,         1994.166667,           65.000000,                 nan,                 nan
         1994.250000,           -9.000000,           65.000000,          -14.916667,          151.666667,         1994.250000,           -9.000000,                 nan,                 nan,         1994.250000,           65.000000,                 nan,                 nan
         1994.333333,          -38.000204,           65.000000,          -18.083350,          157.083333,         1994.333333,          -38.000204,                 nan,                 nan,         1994.333333,           65.000000,                 nan,                 nan
         1994.416667,          -88.999796,           65.000000,          -25.500000,          162.500000,         1994.416667,          -88.999796,                 nan,                 nan,         1994.416667,           65.000000,                 nan,                 nan
         1994.500000,         -109.000000,           65.000000,          -34.583333,          167.916667,         1994.500000,         -109.000000,                 nan,                 nan,         1994.500000,           65.000000,                 nan,                 nan
         1994.583333,         -125.000160,           65.000000,          -45.000013,          173.333333,         1994.583333,         -125.000160,                 nan,                 nan,         1994.583333,           65.000000,                 nan,                 nan
         1994.666667,         -164.999840,           65.000000,          -58.750000,          178.750000,         1994.666667,         -164.999840,                 nan,                 nan,         1994.666667,           65.000000,                 nan,                 nan
         1994.750000,         -167.000000,           65.000000,          -72.666667,          184.166667,         1994.750000,         -167.000000,                 nan,                 nan,         1994.750000,           65.000000,                 nan,                 nan
         1994.833333,         -186.000204,           65.000000,          -88.166684,          189.583333,         1994.833333,         -186.000204,                 nan,                 nan,         1994.833333,           65.000000,                 nan,                 nan
         1994.916667,         -236.999796,           65.000000,         -107.916667,          195.000000,         1994.916667,         -236.999796,                 nan,                 nan,         1994.916667,           65.000000,                 nan,                 nan
         1995.000000,         -363.000000,           65.000000,         -138.166667,          200.416667,         1995.000000,         -363.000000,                 nan,                 nan,         1995.000000,           65.000000,                 nan,                 nan
         1995.083333,         -310.999776,           65.000000,         -164.083315,          205.833333,         1995.083333,         -310.999776,                 nan,                 nan,         1995.083333,           65.000000,                 nan,                 nan
         1995.166667,         -255.000224,           65.000000,         -185.333333,          211.250000,         1995.166667,         -255.000224,                 nan,                 nan,         1995.166667,           65.000000,                 nan,                 nan
         1995.250000,         -276.000000,           65.000000,         -208.333333,          216.666667,         1995.250000,         -276.000000,                 nan,                 nan,         1995.250000,           65.000000,                 nan,                 nan
         1995.333333,         -211.999908,           65.000000,         -225.999992,          222.083333,         1995.333333,         -211.999908,                 nan,                 nan,         1995.333333,           65.000000,                 nan,                 nan
         1995.416667,         -189.000092,           65.000000,         -241.750000,          227.500000,         1995.416667,         -189.000092,                 nan,                 nan,         1995.416667,           65.000000,                 nan,                 nan
         1995.500000,         -153.000000,           65.000000,         -254.500000,          232.916667,         1995.500000,         -153.000000,                 nan,                 nan,         1995.500000,           65.000000,                 nan,                 nan
         1995.583333,          -96.999732,           65.000000,         -262.583311,          238.333333,         1995.583333,          -96.999732,                 nan,                 nan,         1995.583333,           65.000000,                 nan,                 nan
         1995.666667,          -30.000268,           65.000000,         -265.083333,          243.750000,         1995.666667,          -30.000268,                 nan,                 nan,         1995.666667,           65.000000,                 nan,                 nan
         1995.750000,          -13.000000,           65.000000,         -266.166667,          249.166667,         1995.750000,          -13.000000,                 nan,                 nan,         1995.750000,           65.000000,                 nan,                 nan
         1995.833333,           -7.000092,           65.000000,         -266.750008,          254.583333,         1995.833333,           -7.000092,                 nan,                 nan,         1995.833333,           65.000000,                 nan,                 nan
         1995.916667,          -29.999908,           65.000000,         -269.250000,          260.000000,         1995.916667,          -29.999908,                 nan,                 nan,         1995.916667,           65.000000,                 nan,                 nan
         1996.000000,          -56.000000,           65.000000,         -273.916667,          265.416667,         1996.000000,          -56.000000,                 nan,                 nan,         1996.000000,           65.000000,                 nan,                 nan
         1996.083333,           81.000360,           65.000000,         -267.166637,          270.833333,         1996.083333,           81.000360,                 nan,                 nan,         1996.083333,           65.000000,                 nan,                 nan
         1996.166667,          170.999640,           65.000000,         -252.916667,          276.250000,         1996.166667,          170.999640,                 nan,                 nan,         1996.166667,           65.000000,                 nan,                 nan
         1996.250000,          152.000000,           65.000000,         -240.250000,          281.666667,         1996.250000,          152.000000,                 nan,                 nan,         1996.250000,           65.000000,                 nan,                 nan
         1996.333333,          176.999924,           65.000000,         -225.500006,          287.083333,         1996.333333,          176.999924,                 nan,                 nan,         1996.333333,           65.000000,                 nan,                 nan
         1996.416667,          158.000076,           65.000000,         -212.333333,          292.500000,         1996.416667,          158.000076,                 nan,                 nan,         1996.416667,           65.000000,                 nan,                 nan
         1996.500000,          156.000000,           65.000000,         -199.333333,          297.916667,         1996.500000,          156.000000,                 nan,                 nan,         1996.500000,           65.000000,                 nan,                 nan
         1996.583333,          109.999800,           65.000000,         -190.166683,          303.333333,         1996.583333,          109.999800,                 nan,                 nan,         1996.583333,           65.000000,                 nan,                 nan
         1996.666667,           60.000200,           65.000000,         -185.166667,          308.750000,         1996.666667,           60.000200,                 nan,                 nan,         1996.666667,           65.000000,                 nan,                 nan
         1996.750000,           28.000000,           65.000000,         -182.833333,          314.166667,         1996.750000,           28.000000,                 nan,                 nan,         1996.750000,           65.000000,                 nan,                 nan
         1996.833333,           13.999820,           65.000000,         -181.666682,          319.583333,         1996.833333,           13.999820,                 nan,                 nan,         1996.833333,           65.000000,                 nan,                 nan
         1996.916667,          -30.999820,           65.000000,         -184.250000,          325.000000,         1996.916667,          -30.999820,                 nan,                 nan,         1996.916667,           65.000000,                 nan,                 nan
         1997.000000,          -79.000000,           65.000000,         -190.833333,          330.416667,         1997.000000,          -79.000000,                 nan,                 nan,         1997.000000,           65.000000,                 nan,                 nan
         1997.083333,          -22.999816,           65.000000,         -192.749985,          335.833333,         1997.083333,          -22.999816,                 nan,                 nan,         1997.083333,           65.000000,                 nan,                 nan
         1997.166667,           22.999816,           65.000000,         -190.833333,          341.250000,         1997.166667,           22.999816,                 nan,                 nan,         1997.166667,           65.000000,                 nan,                 nan
         1997.250000,           19.000000,           65.000000,         -189.250000,          346.666667,         1997.250000,           19.000000,                 nan,                 nan,         1997.250000,           65.000000,                 nan,                 nan
         1997.333333,           26.000044,           65.000000,         -187.083330,          352.083333,         1997.333333,           26.000044,                 nan,                 nan,         1997.333333,           65.000000,                 nan,                 nan
         1997.416667,           36.999956,           65.000000,         -184.000000,          357.500000,         1997.416667,           36.999956,                 nan,                 nan,         1997.416667,           65.000000,                 nan,                 nan
         1997.500000,           10.000000,           65.000000,         -183.166667,          362.916667,         1997.500000,           10.000000,                 nan,                 nan,         1997.500000,           65.000000,                 nan,                 nan
         1997.583333,          -26.999912,           65.000000,         -185.416659,          368.333333,         1997.583333,          -26.999912,                 nan,                 nan,         1997.583333,           65.000000,                 nan,                 nan
         1997.666667,           -5.000088,           65.000000,         -185.833333,          373.750000,         1997.666667,           -5.000088,                 nan,                 nan,         1997.666667,           65.000000,                 nan,                 nan
         1997.750000,           18.000000,           65.000000,         -184.333333,          379.166667,         1997.750000,           18.000000,                 nan,                 nan,         1997.750000,           65.000000,                 nan,                 nan
         1997.833333,           22.999736,           65.000000,         -182.416689,          384.583333,         1997.833333,           22.999736,                 nan,                 nan,         1997.833333,           65.000000,                 nan,                 nan
         1997.916667,          -42.999736,           65.000000,         -186.000000,          390.000000,         1997.916667,          -42.999736,                 nan,                 nan,         1997.916667,           65.000000,                 nan,                 nan
         1998.000000,         -136.000000,           65.000000,         -197.333333,          395.416667,         1998.000000,         -136.000000,                 nan,                 nan,         1998.000000,           65.000000,                 nan,                 nan
         1998.083333,          -94.000024,           65.000000,         -205.166669,          400.833333,         1998.083333,          -94.000024,                 nan,                 nan,         1998.083333,           65.000000,                 nan,                 nan
         1998.166667,          -99.999976,           65.000000,         -213.500000,          406.250000,         1998.166667,          -99.999976,                 nan,                 nan,         1998.166667,           65.000000,                 nan,                 nan
         1998.250000,         -131.000000,           65.000000,         -224.416667,          411.666667,         1998.250000,         -131.000000,                 nan,                 nan,         1998.250000,           65.000000,                 nan,                 nan
         1998.333333,         -141.000016,           65.000000,         -236.166668,          417.083333,         1998.333333,         -141.000016,                 nan,                 nan,         1998.333333,           65.000000,                 nan,                 nan
         1998.416667,         -144.999984,           65.000000,         -248.250000,          422.500000,         1998.416667,         -144.999984,                 nan,                 nan,         1998.416667,           65.000000,                 nan,                 nan
         1998.500000,         -180.000000,           65.000000,         -263.250000,          427.916667,         1998.500000,         -180.000000,                 nan,                 nan,         1998.500000,           65.000000,                 nan,                 nan
         1998.583333,         -175.000020,           65.000000,         -277.833335,          433.333333,         1998.583333,         -175.000020,                 nan,                 nan,         1998.583333,           65.000000,                 nan,                 nan
         1998.666667,         -179.999980,           65.000000,         -292.833333,          438.750000,         1998.666667,         -179.999980,                 nan,                 nan,         1998.666667,           65.000000,                 nan,                 nan
         1998.750000,         -194.000000,           65.000000,         -309.000000,          444.166667,         1998.750000,         -194.000000,                 nan,                 nan,         1998.750000,           65.000000,                 nan,                 nan
         1998.833333,         -181.000104,           65.000000,         -324.083342,          449.583333,         1998.833333,         -181.000104,                 nan,                 nan,         1998.833333,           65.000000,                 nan,                 nan
         1998.916667,         -206.999896,           65.000000,         -341.333333,          455.000000,         1998.916667,         -206.999896,                 nan,                 nan,         1998.916667,           65.000000,                 nan,                 nan
         1999.000000,         -254.000000,           65.000000,         -362.500000,          460.416667,         1999.000000,         -254.000000,                 nan,                 nan,         1999.000000,           65.000000,                 nan,                 nan
         1999.083333,         -145.999760,           65.000000,         -374.666647,          465.833333,         1999.083333,         -145.999760,                 nan,                 nan,         1999.083333,           65.000000,                 nan,                 nan
         1999.166667,          -86.000240,           65.000000,         -381.833333,          471.250000,         1999.166667,          -86.000240,                 nan,                 nan,         1999.166667,           65.000000,                 nan,                 nan
         1999.250000,          -36.000000,           65.000000,         -384.833333,          476.666667,         1999.250000,          -36.000000,                 nan,                 nan,         1999.250000,           65.000000,                 nan,                 nan
         1999.333333,           -8.000092,           65.000000,         -385.500008,          482.083333,         1999.333333,           -8.000092,                 nan,                 nan,         1999.333333,           65.000000,                 nan,                 nan
         1999.416667,          -30.999908,           65.000000,         -388.083333,          487.500000,         1999.416667,          -30.999908,                 nan,                 nan,         1999.416667,           65.000000,                 nan,                 nan
         1999.500000,           -7.000000,           65.000000,         -388.666667,          492.916667,         1999.500000,           -7.000000,                 nan,                 nan,         1999.500000,           65.000000,                 nan,                 nan
         1999.583333,          -14.000072,           65.000000,         -389.833339,          498.333333,         1999.583333,          -14.000072,                 nan,                 nan,         1999.583333,           65.000000,                 nan,                 nan
         1999.666667,          -31.999928,           65.000000,         -392.500000,          503.750000,         1999.666667,          -31.999928,                 nan,                 nan,         1999.666667,           65.000000,                 nan,                 nan
         1999.750000,           -4.000000,           65.000000,         -392.833333,          509.166667,         1999.750000,           -4.000000,                 nan,                 nan,         1999.750000,           65.000000,                 nan,                 nan
         1999.833333,           -3.000348,           65.000000,         -393.083362,          514.583333,         1999.833333,           -3.000348,                 nan,                 nan,         1999.833333,           65.000000,                 nan,                 nan
         1999.916667,          -89.999652,           65.000000,         -400.583333,          520.000000,         1999.916667,          -89.999652,                 nan,                 nan,         1999.916667,           65.000000,                 nan,                 nan
         2000.000000,         -156.000000,           65.000000,         -413.583333,          525.416667,         2000.000000,         -156.000000,                 nan,                 nan,         2000.000000,           65.000000,                 nan,                 nan
         2000.083333,          -88.999724,           65.000000,         -420.999977,          530.833333,         2000.083333,          -88.999724,                 nan,                 nan,         2000.083333,           65.000000,                 nan,                 nan
         2000.166667,          -20.000276,           65.000000,         -422.666667,          536.250000,         2000.166667,          -20.000276,                 nan,                 nan,         2000.166667,           65.000000,                 nan,                 nan
         2000.250000,          -34.000000,           65.000000,         -425.500000,          541.666667,         2000.250000,          -34.000000,                 nan,                 nan,         2000.250000,           65.000000,                 nan,                 nan
         2000.333333,          -40.000192,           65.000000,         -428.833349,          547.083333,         2000.333333,          -40.000192,                 nan,                 nan,         2000.333333,           65.000000,                 nan,                 nan
         2000.416667,          -87.999808,           65.000000,         -436.166667,          552.500000,         2000.416667,          -87.999808,                 nan,                 nan,         2000.416667,           65.000000,                 nan,                 nan
         2000.500000,          -63.000000,           65.000000,         -441.416667,          557.916667,         2000.500000,          -63.000000,                 nan,                 nan,         2000.500000,           65.000000,                 nan,                 nan
         2000.583333,          -86.000052,           65.000000,         -448.583338,          563.333333,         2000.583333,          -86.000052,                 nan,                 nan,         2000.583333,           65.000000,                 nan,                 nan
         2000.666667,          -98.999948,           65.000000,         -456.833333,          568.750000,         2000.666667,          -98.999948,                 nan,                 nan,         2000.666667,           65.000000,                 nan,                 nan
         2000.750000,         -105.000000,           65.000000,         -465.583333,          574.166667,         2000.750000,         -105.000000,                 nan,                 nan,         2000.750000,           65.000000,                 nan,                 nan
         2000.833333,         -109.000136,           65.000000,         -474.666678,          579.583333,         2000.833333,         -109.000136,                 nan,                 nan,         2000.833333,           65.000000,                 nan,                 nan
         2000.916667,         -142.999864,           65.000000,         -486.583333,          585.000000,         2000.916667,         -142.999864,                 nan,                 nan,         2000.916667,           65.000000,                 nan,                 nan
         2001.000000,         -185.000000,           65.000000,         -502.000000,          590.416667,         2001.000000,         -185.000000,                 nan,                 nan,         2001.000000,           65.000000,                 nan,                 nan
         2001.083333,         -197.999700,           65.000000,         -518.499975,          595.833333,         2001.083333,         -197.999700,                 nan,                 nan,         2001.083333,           65.000000,                 nan,                 nan
         2001.166667,         -123.000300,           65.000000,         -528.750000,          601.250000,         2001.166667,         -123.000300,                 nan,                 nan,         2001.166667,           65.000000,                 nan,                 nan
         2001.250000,         -144.000000,           65.000000,         -540.750000,          606.666667,         2001.250000,         -144.000000,                 nan,                 nan,         2001.250000,           65.000000,                 nan,                 nan
         2001.333333,          -98.999864,           65.000000,         -548.999989,          612.083333,         2001.333333,          -98.999864,                 nan,                 nan,         2001.333333,           65.000000,                 nan,                 nan
         2001.416667,          -65.000136,           65.000000,         -554.416667,          617.500000,         2001.416667,          -65.000136,                 nan,                 nan,         2001.416667,           65.000000,                 nan,                 nan
         2001.500000,          -39.000000,           65.000000,         -557.666667,          622.916667,         2001.500000,          -39.000000,                 nan,                 nan,         2001.500000,           65.000000,                 nan,                 nan
         2001.583333,          -91.000084,           65.000000,         -565.250007,          628.333333,         2001.583333,          -91.000084,                 nan,                 nan,         2001.583333,           65.000000,                 nan,                 nan
         2001.666667,         -111.999916,           65.000000,         -574.583333,          633.750000,         2001.666667,         -111.999916,                 nan,                 nan,         2001.666667,           65.000000,                 nan,                 nan
         2001.750000,         -107.000000,           65.000000,         -583.500000,          639.166667,         2001.750000,         -107.000000,                 nan,                 nan,         2001.750000,           65.000000,                 nan,                 nan
         2001.833333,         -112.000312,           65.000000,         -592.833359,          644.583333,         2001.833333,         -112.000312,                 nan,                 nan,         2001.833333,           65.000000,                 nan,                 nan
         2001.916667,         -189.999688,           65.000000,         -608.666667,          650.000000,         2001.916667,         -189.999688,                 nan,                 nan,         2001.916667,           65.000000,                 nan,                 nan
         2002.000000,         -290.000000,           65.000000,         -632.833333,          655.416667,         2002.000000,         -290.000000,                 nan,                 nan,         2002.000000,           65.000000,                 nan,                 nan
         2002.083333,         -234.999592,           65.000000,         -652.416633,          660.833333,         2002.083333,         -234.999592,                 nan,                 nan,         2002.083333,           65.000000,                 nan,                 nan
         2002.166667,         -133.000408,           65.000000,         -663.500000,          666.250000,         2002.166667,         -133.000408,                 nan,                 nan,         2002.166667,           65.000000,                 nan,                 nan
         2002.250000,         -124.000000,           45.770800,         -673.833333,          670.064233,         2002.250000,         -124.000000,                 nan,                 nan,         2002.250000,           65.000000,           26.541600,                 nan
         2002.333333,         -107.000040,           45.770800,         -682.750003,          673.878467,         2002.333333,         -107.000040,                 nan,                 nan,         2002.333333,           65.000000,           26.541600,                 nan
         2002.416667,         -116.999960,           45.770800,         -692.500000,          677.692700,         2002.416667,         -116.999960,                 nan,                 nan,         2002.416667,           65.000000,           26.541600,                 nan
         2002.500000,         -151.000000,           45.770800,         -705.083333,          681.506933,         2002.500000,         -151.000000,                 nan,                 nan,         2002.500000,           65.000000,           26.541600,                 nan
         2002.583333,         -147.999840,           45.770800,         -717.416653,          685.321167,         2002.583333,         -147.999840,                 nan,                 nan,         2002.583333,           65.000000,           26.541600,                 nan
         2002.666667,         -108.000160,           45.770800,         -726.416667,          689.135400,         2002.666667,         -108.000160,                 nan,                 nan,         2002.666667,           65.000000,           26.541600,                 nan
         2002.750000,          -62.000000,           45.770800,         -731.583333,          692.949633,         2002.750000,          -62.000000,                 nan,                 nan,         2002.750000,           65.000000,           26.541600,                 nan
         2002.833333,          -50.000376,           45.770800,         -735.750031,          696.763867,         2002.833333,          -50.000376,                 nan,                 nan,         2002.833333,           65.000000,           26.541600,                 nan
         2002.916667,         -145.531117,           45.770800,         -747.877624,          700.578100,         2002.916667,         -143.999624,         -147.062610,                 nan,         2002.916667,           65.000000,           26.541600,                 nan
         2003.000000,         -174.677545,           45.770800,         -762.434086,          704.392333,         2003.000000,         -248.000000,         -101.355090,                 nan,         2003.000000,           65.000000,           26.541600,                 nan
         2003.083333,         -135.433757,           45.770800,         -773.720233,          708.206567,         2003.083333,         -184.999724,          -85.867790,                 nan,         2003.083333,           65.000000,           26.541600,                 nan
         2003.166667,         -125.379375,           45.770800,         -784.168514,          712.020800,         2003.166667,         -116.000276,         -134.758475,                 nan,         2003.166667,           65.000000,           26.541600,                 nan
         2003.250000,         -131.094869,           45.770800,         -795.093087,          715.835033,         2003.250000,         -106.000000,         -156.189739,                 nan,         2003.250000,           65.000000,           26.541600,                 nan
         2003.333333,         -137.091376,           45.770800,         -806.517368,          719.649267,         2003.333333,         -132.000104,         -142.182649,                 nan,         2003.333333,           65.000000,           26.541600,                 nan
         2003.416667,         -144.214973,           45.770800,         -818.535282,          723.463500,         2003.416667,         -157.999896,         -130.430049,                 nan,         2003.416667,           65.000000,           26.541600,                 nan
         2003.500000,         -170.024095,           45.770800,         -832.703957,          727.277733,         2003.500000,         -214.000000,         -126.048189,                 nan,         2003.500000,           65.000000,           26.541600,                 nan
         2003.583333,         -153.633297,           45.770800,         -845.506732,          731.091967,         2003.583333,         -217.999928,          -89.266665,                 nan,         2003.583333,           65.000000,           26.541600,                 nan
         2003.666667,         -143.209081,           45.770800,         -857.440822,          734.906200,         2003.666667,         -200.000072,          -86.418090,                 nan,         2003.666667,           65.000000,           26.541600,                 nan
         2003.750000,         -190.487571,           45.770800,         -873.314786,          738.720433,         2003.750000,         -213.000000,         -167.975141,                 nan,         2003.750000,           65.000000,           26.541600,                 nan
         2003.833333,         -243.122463,           45.770800,         -893.574991,          742.534667,         2003.833333,         -266.000228,         -220.244697,                 nan,         2003.833333,           65.000000,           26.541600,                 nan
         2003.916667,         -251.515981,           45.770800,         -914.534656,          746.348900,         2003.916667,         -322.999772,         -180.032189,                 nan,         2003.916667,           65.000000,           26.541600,                 nan
         2004.000000,         -235.058160,           45.770800,         -934.122836,          750.163133,         2004.000000,         -333.000000,         -137.116321,                 nan,         2004.000000,           65.000000,           26.541600,                 nan
         2004.083333,         -197.693081,           45.770800,         -950.597260,          753.977367,         2004.083333,         -227.999684,         -167.386478,                 nan,         2004.083333,           65.000000,           26.541600,                 nan
         2004.166667,         -167.242063,           45.770800,         -964.534098,          757.791600,         2004.166667,         -149.000316,         -185.483811,                 nan,         2004.166667,           65.000000,           26.541600,                 nan
         2004.250000,         -155.321312,           45.770800,         -977.477541,          761.605833,         2004.250000,         -150.000000,         -160.642625,                 nan,         2004.250000,           65.000000,           26.541600,                 nan
         2004.333333,         -144.372978,           45.770800,         -989.508622,          765.420067,         2004.333333,         -173.000084,         -115.745872,                 nan,         2004.333333,           65.000000,           26.541600,                 nan
         2004.416667,         -144.261166,           45.770800,        -1001.530386,          769.234300,         2004.416667,         -193.999916,          -94.522416,                 nan,         2004.416667,           65.000000,           26.541600,                 nan
         2004.500000,         -148.691789,           38.631064,        -1013.921369,          772.453555,         2004.500000,         -171.000000,          -99.075366,         -176.000000,         2004.500000,           65.000000,           26.541600,           24.351591
         2004.583333,         -128.347400,           38.631064,        -1024.616985,          775.672811,         2004.583333,         -128.999976,          -79.792225,         -176.250000,         2004.583333,           65.000000,           26.541600,           24.351591
         2004.666667,         -113.763384,           38.631064,        -1034.097267,          778.892066,         2004.666667,         -123.000024,          -41.790129,         -176.500000,         2004.666667,           65.000000,           26.541600,           24.351591
         2004.750000,         -126.614717,           38.631064,        -1044.648494,          782.111321,         2004.750000,         -151.000000,          -52.094150,         -176.750000,         2004.750000,           65.000000,           26.541600,           24.351591
         2004.833333,         -155.022294,           38.631064,        -1057.567018,          785.330577,         2004.833333,         -167.000196,         -121.066687,         -177.000000,         2004.833333,           65.000000,           26.541600,           24.351591
         2004.916667,         -197.699608,           38.631064,        -1074.041986,          788.549832,         2004.916667,         -215.999804,         -199.849020,         -177.250000,         2004.916667,           65.000000,           26.541600,           24.351591
         2005.000000,         -254.364704,           38.631064,        -1095.239044,          791.769087,         2005.000000,         -305.000000,         -280.594111,         -177.500000,         2005.000000,           65.000000,           26.541600,           24.351591
         2005.083333,         -260.002205,           38.631064,        -1116.905895,          794.988343,         2005.083333,         -270.999808,         -331.256806,         -177.750000,         2005.083333,           65.000000,           26.541600,           24.351591
         2005.166667,         -243.439937,           38.631064,        -1137.192556,          798.207598,         2005.166667,         -223.000192,         -329.319619,         -178.000000,         2005.166667,           65.000000,           26.541600,           24.351591
         2005.250000,         -236.065201,           38.631064,        -1156.864656,          801.426853,         2005.250000,         -245.000000,         -284.945602,         -178.250000,         2005.250000,           65.000000,           26.541600,           24.351591
         2005.333333,         -205.635285,           38.631064,        -1174.000930,          804.646108,         2005.333333,         -236.999992,         -201.405863,         -178.500000,         2005.333333,           65.000000,           26.541600,           24.351591
         2005.416667,         -187.712547,           38.631064,        -1189.643642,          807.865364,         2005.416667,         -235.000008,         -149.387634,         -178.750000,         2005.416667,           65.000000,           26.541600,           24.351591
         2005.500000,         -181.819722,           38.631064,        -1204.795286,          811.084619,         2005.500000,         -212.000000,         -154.459167,         -179.000000,         2005.500000,           65.000000,           26.541600,           24.351591
         2005.583333,         -196.390299,           38.631064,        -1221.161144,          814.303874,         2005.583333,         -243.000212,         -165.837351,         -180.333333,         2005.583333,           65.000000,           26.541600,           24.351591
         2005.666667,         -233.620551,           38.631064,        -1240.629523,          817.523130,         2005.666667,         -295.999788,         -223.195200,         -181.666667,         2005.666667,           65.000000,           26.541600,           24.351591
         2005.750000,         -272.404064,           38.631064,        -1263.329862,          820.742385,         2005.750000,         -312.000000,         -322.212193,         -183.000000,         2005.750000,           65.000000,           26.541600,           24.351591
         2005.833333,         -285.164934,           38.631064,        -1287.093606,          823.961640,         2005.833333,         -334.000060,         -337.161407,         -184.333333,         2005.833333,           65.000000,           26.541600,           24.351591
         2005.916667,         -279.244956,           38.631064,        -1310.364019,          827.180896,         2005.916667,         -348.999940,         -303.068262,         -185.666667,         2005.916667,           65.000000,           26.541600,           24.351591
         2006.000000,         -310.525652,           38.631064,        -1336.241157,          830.400151,         2006.000000,         -421.000000,         -323.576957,         -187.000000,         2006.000000,           65.000000,           26.541600,           24.351591
         2006.083333,         -292.479816,           38.631064,        -1360.614475,          833.619406,         2006.083333,         -363.999708,         -325.106407,         -188.333333,         2006.083333,           65.000000,           26.541600,           24.351591
         2006.166667,         -238.679197,           38.631064,        -1380.504408,          836.838662,         2006.166667,         -291.000292,         -235.370633,         -189.666667,         2006.166667,           65.000000,           26.541600,           24.351591
         2006.250000,         -203.243195,           38.631064,        -1397.441341,          840.057917,         2006.250000,         -293.000000,         -125.729586,         -191.000000,         2006.250000,           65.000000,           26.541600,           24.351591
         2006.333333,         -184.229639,           38.631064,        -1412.793811,          843.277172,         2006.333333,         -296.000048,          -64.355536,         -192.333333,         2006.333333,           65.000000,           26.541600,           24.351591
         2006.416667,         -193.186707,           38.631064,        -1428.892703,          846.496428,         2006.416667,         -307.999952,          -77.893503,         -193.666667,         2006.416667,           65.000000,           26.541600,           24.351591
         2006.500000,         -206.346580,           38.631064,        -1446.088252,          849.715683,         2006.500000,         -302.000000,         -122.039741,         -195.000000,         2006.500000,           65.000000,           26.541600,           24.351591
         2006.583333,         -222.512523,           38.631064,        -1464.630962,          852.934938,         2006.583333,         -320.999976,         -151.787593,         -194.750000,         2006.583333,           65.000000,           26.541600,           24.351591
         2006.666667,         -229.758292,           38.631064,        -1483.777486,          856.154193,         2006.666667,         -315.000024,         -179.774851,         -194.500000,         2006.666667,           65.000000,           26.541600,           24.351591
         2006.750000,         -216.589408,           38.631064,        -1501.826604,          859.373449,         2006.750000,         -284.000000,         -171.518224,         -194.250000,         2006.750000,           65.000000,           26.541600,           24.351591
         2006.833333,         -215.608855,           38.631064,        -1519.794008,          862.592704,         2006.833333,         -312.000172,         -140.826393,         -194.000000,         2006.833333,           65.000000,           26.541600,           24.351591
         2006.916667,         -248.216765,           38.631064,        -1540.478739,          865.811959,         2006.916667,         -354.999828,         -195.900467,         -193.750000,         2006.916667,           65.000000,           26.541600,           24.351591
         2007.000000,         -352.914681,           38.631064,        -1569.888295,          869.031215,         2007.000000,         -527.000000,         -338.244044,         -193.500000,         2007.000000,           65.000000,           26.541600,           24.351591
         2007.083333,         -369.416098,           38.631064,        -1600.672970,          872.250470,         2007.083333,         -503.999552,         -410.998743,         -193.250000,         2007.083333,           65.000000,           26.541600,           24.351591
         2007.166667,         -307.869311,           38.631064,        -1626.328746,          875.469725,         2007.166667,         -392.000448,         -338.607484,         -193.000000,         2007.166667,           65.000000,           26.541600,           24.351591
         2007.250000,         -277.487551,           38.631064,        -1649.452709,          878.688981,         2007.250000,         -379.000000,         -260.712652,         -192.750000,         2007.250000,           65.000000,           26.541600,           24.351591
         2007.333333,         -256.334231,           38.631064,        -1670.813895,          881.908236,         2007.333333,         -331.999908,         -244.502784,         -192.500000,         2007.333333,           65.000000,           26.541600,           24.351591
         2007.416667,         -249.173644,           38.631064,        -1691.578365,          885.127491,         2007.416667,         -309.000092,         -246.270840,         -192.250000,         2007.416667,           65.000000,           26.541600,           24.351591
         2007.500000,         -292.722970,           45.770800,        -1715.971946,          888.941725,         2007.500000,         -331.000000,         -254.445940,                 nan,         2007.500000,           65.000000,           26.541600,                 nan
         2007.583333,         -312.045151,           45.770800,        -1741.975708,          892.755958,         2007.583333,         -349.000004,         -275.090297,                 nan,         2007.583333,           65.000000,           26.541600,                 nan
         2007.666667,         -317.192988,           45.770800,        -1768.408457,          896.570191,         2007.666667,         -349.999996,         -284.385979,                 nan,         2007.666667,           65.000000,           26.541600,                 nan
         2007.750000,         -321.360998,           45.770800,        -1795.188540,          900.384425,         2007.750000,         -353.000000,         -289.721996,                 nan,         2007.750000,           65.000000,           26.541600,                 nan
         2007.833333,         -343.400916,           45.770800,        -1823.805284,          904.198658,         2007.833333,         -371.000288,         -315.801545,                 nan,         2007.833333,           65.000000,           26.541600,                 nan
         2007.916667,         -407.108507,           45.770800,        -1857.730992,          908.012891,         2007.916667,         -442.999712,         -371.217301,                 nan,         2007.916667,           65.000000,           26.541600,                 nan
         2008.000000,         -493.524390,           45.770800,        -1898.858025,          911.827125,         2008.000000,         -570.000000,         -417.048779,                 nan,         2008.000000,           65.000000,           26.541600,                 nan
         2008.083333,         -394.199778,           45.770800,        -1931.708006,          915.641358,         2008.083333,         -439.999416,         -348.400141,                 nan,         2008.083333,           65.000000,           26.541600,                 nan
         2008.166667,         -260.766571,           45.770800,        -1953.438554,          919.455591,         2008.166667,         -294.000584,         -227.532559,                 nan,         2008.166667,           65.000000,           26.541600,                 nan
         2008.250000,         -231.929548,           45.770800,        -1972.766016,          923.269825,         2008.250000,         -281.000000,         -182.859096,                 nan,         2008.250000,           65.000000,           26.541600,                 nan
         2008.333333,         -198.414590,           45.770800,        -1989.300566,          927.084058,         2008.333333,         -252.000020,         -144.829160,                 nan,         2008.333333,           65.000000,           26.541600,                 nan
         2008.416667,         -186.560130,           45.770800,        -2004.847243,          930.898291,         2008.416667,         -256.999980,         -116.120280,                 nan,         2008.416667,           65.000000,           26.541600,                 nan
         2008.500000,         -203.157606,           45.770800,        -2021.777043,          934.712525,         2008.500000,         -271.000000,         -135.315211,                 nan,         2008.500000,           65.000000,           26.541600,                 nan
         2008.583333,         -225.723550,           45.770800,        -2040.587339,          938.526758,         2008.583333,         -283.000072,         -168.447028,                 nan,         2008.583333,           65.000000,           26.541600,                 nan
         2008.666667,         -252.238645,           45.770800,        -2061.607226,          942.340991,         2008.666667,         -300.999928,         -203.477362,                 nan,         2008.666667,           65.000000,           26.541600,                 nan
         2008.750000,         -252.626990,           45.770800,        -2082.659476,          946.155225,         2008.750000,         -287.000000,         -218.253981,                 nan,         2008.750000,           65.000000,           26.541600,                 nan
         2008.833333,         -241.622991,           45.770800,        -2102.794725,          949.969458,         2008.833333,         -286.000108,         -197.245875,                 nan,         2008.833333,           65.000000,           26.541600,                 nan
         2008.916667,         -244.698065,           45.770800,        -2123.186230,          953.783691,         2008.916667,         -312.999892,         -176.396237,                 nan,         2008.916667,           65.000000,           26.541600,                 nan
         2009.000000,         -289.177764,           45.770800,        -2147.284377,          957.597925,         2009.000000,         -367.000000,         -211.355528,                 nan,         2009.000000,           65.000000,           26.541600,                 nan
         2009.083333,         -271.424642,           45.770800,        -2169.903097,          961.412158,         2009.083333,         -280.999636,         -261.849648,                 nan,         2009.083333,           65.000000,           26.541600,                 nan
         2009.166667,         -208.714161,           45.770800,        -2187.295944,          965.226391,         2009.166667,         -190.000364,         -227.427959,                 nan,         2009.166667,           65.000000,           26.541600,                 nan
         2009.250000,         -189.681149,           45.770800,        -2203.102707,          969.040625,         2009.250000,         -217.000000,         -162.362298,                 nan,         2009.250000,           65.000000,           26.541600,                 nan
         2009.333333,         -204.242320,           45.770800,        -2220.122900,          972.854858,         2009.333333,         -262.000040,         -146.484600,                 nan,         2009.333333,           65.000000,           26.541600,                 nan
         2009.416667,         -221.942041,           45.770800,        -2238.618070,          976.669091,         2009.416667,         -271.999960,         -171.884121,                 nan,         2009.416667,           65.000000,           26.541600,                 nan
         2009.500000,         -251.181101,           45.770800,        -2259.549828,          980.483325,         2009.500000,         -294.000000,         -208.362201,                 nan,         2009.500000,           65.000000,           26.541600,                 nan
         2009.583333,         -265.452218,           45.770800,        -2281.670847,          984.297558,         2009.583333,         -294.999976,         -235.904459,                 nan,         2009.583333,           65.000000,           26.541600,                 nan
         2009.666667,         -264.716093,           45.770800,        -2303.730521,          988.111791,         2009.666667,         -289.000024,         -240.432162,                 nan,         2009.666667,           65.000000,           26.541600,                 nan
         2009.750000,         -247.852624,           45.770800,        -2324.384906,          991.926025,         2009.750000,         -292.000000,         -203.705249,                 nan,         2009.750000,           65.000000,           26.541600,                 nan
         2009.833333,         -233.193409,           45.770800,        -2343.817690,          995.740258,         2009.833333,         -311.000460,         -155.386359,                 nan,         2009.833333,           65.000000,           26.541600,                 nan
         2009.916667,         -313.373579,           45.770800,        -2369.932155,          999.554491,         2009.916667,         -425.999540,         -200.747618,                 nan,         2009.916667,           65.000000,           26.541600,                 nan
         2010.000000,         -415.611048,           45.770800,        -2404.566409,         1003.368725,         2010.000000,         -476.500000,         -354.722097,                 nan,         2010.000000,           65.000000,           26.541600,                 nan
         2010.083333,         -486.222834,           45.770800,        -2445.084979,         1007.182958,         2010.083333,         -526.999792,         -445.445876,                 nan,         2010.083333,           65.000000,           26.541600,                 nan
         2010.166667,         -426.279045,           45.770800,        -2480.608233,         1010.997191,         2010.166667,         -475.000208,         -377.557882,                 nan,         2010.166667,           65.000000,           26.541600,                 nan
         2010.250000,         -391.843111,           45.770800,        -2513.261825,         1014.811425,         2010.250000,         -475.000000,         -308.686221,                 nan,         2010.250000,           65.000000,           26.541600,                 nan
         2010.333333,         -303.199454,           26.541600,        -2538.528446,         1017.023225,         2010.333333,                 nan,         -303.199454,                 nan,         2010.333333,                 nan,           26.541600,                 nan
         2010.416667,         -262.800173,           26.541600,        -2560.428461,         1019.235025,         2010.416667,                 nan,         -262.800173,                 nan,         2010.416667,                 nan,           26.541600,                 nan
         2010.500000,         -259.564628,           26.541600,        -2582.058846,         1021.446825,         2010.500000,                 nan,         -259.564628,                 nan,         2010.500000,                 nan,           26.541600,                 nan
         2010.583333,         -345.812933,           26.541600,        -2610.876591,         1023.658625,         2010.583333,                 nan,         -345.812933,                 nan,         2010.583333,                 nan,           26.541600,                 nan
         2010.666667,         -383.414568,           26.541600,        -2642.827805,         1025.870425,         2010.666667,                 nan,         -383.414568,                 nan,         2010.666667,                 nan,           26.541600,                 nan
         2010.750000,         -356.459648,           26.541600,        -2672.532776,         1028.082225,         2010.750000,                 nan,         -356.459648,                 nan,         2010.750000,                 nan,           26.541600,                 nan
         2010.833333,         -365.321491,           26.541600,        -2702.976233,         1030.294025,         2010.833333,                 nan,         -365.321491,                 nan,         2010.833333,                 nan,           26.541600,                 nan
         2010.916667,         -436.238750,           26.541600,        -2739.329462,         1032.505825,         2010.916667,                 nan,         -436.238750,                 nan,         2010.916667,                 nan,           26.541600,                 nan
         2011.000000,         -497.740790,           26.541600,        -2780.807861,         1034.717625,         2011.000000,                 nan,         -497.740790,                 nan,         2011.000000,                 nan,           26.541600,                 nan
         2011.083333,         -535.360193,           26.541600,        -2825.421211,         1036.929425,         2011.083333,                 nan,         -535.360193,                 nan,         2011.083333,                 nan,           26.541600,                 nan
         2011.166667,         -506.496109,           26.541600,        -2867.629220,         1039.141225,         2011.166667,                 nan,         -506.496109,                 nan,         2011.166667,                 nan,           26.541600,                 nan
         2011.250000,         -449.625340,           26.541600,        -2905.097998,         1041.353025,         2011.250000,                 nan,         -449.625340,                 nan,         2011.250000,                 nan,           26.541600,                 nan
         2011.333333,                 nan,           26.541600,        -2905.097998,         1043.564825,         2011.333333,                 nan,                 nan,                 nan,         2011.333333,                 nan,           26.541600,                 nan
         2011.416667,                 nan,           26.541600,        -2905.097998,         1045.776625,         2011.416667,                 nan,                 nan,                 nan,         2011.416667,                 nan,           26.541600,                 nan
         2011.500000,                 nan,           26.541600,        -2905.097998,         1047.988425,         2011.500000,                 nan,                 nan,                 nan,         2011.500000,                 nan,           26.541600,                 nan
         2011.583333,                 nan,           26.541600,        -2905.097998,         1050.200225,         2011.583333,                 nan,                 nan,                 nan,         2011.583333,                 nan,           26.541600,                 nan
         2011.666667,                 nan,           26.541600,        -2905.097998,         1052.412025,         2011.666667,                 nan,                 nan,                 nan,         2011.666667,                 nan,           26.541600,                 nan
         2011.750000,                 nan,           26.541600,        -2905.097998,         1054.623825,         2011.750000,                 nan,                 nan,                 nan,         2011.750000,                 nan,           26.541600,                 nan
         2011.833333,                 nan,           26.541600,        -2905.097998,         1056.835625,         2011.833333,                 nan,                 nan,                 nan,         2011.833333,                 nan,           26.541600,                 nan
         2011.916667,                 nan,           26.541600,        -2905.097998,         1059.047425,         2011.916667,                 nan,                 nan,                 nan,         2011.916667,                 nan,           26.541600,                 nan
